[
  {
    "id": "x001",
    "name": "BALÓN UNIFORIA FINALE LEAGUE",
    "price": 569,
    "detail": "Este producto está agotado. Suscríbete a nuestra newsletter y entérate antes que nadie de los próximos lanzamientos.",
    "size": "4",
    "image": "https://res.cloudinary.com/ddl3snuoe/image/upload/v1665524741/Balon_Uniforia_Finale_League_Plata_FT8305_01_standard_ht9tyf.jpg",
    "stock": 20,
    "rating": 3,
    "visible": true
  },
  {
    "id": "x002",
    "name": "BALÓN DE ENTRENAMIENTO HOLOGRAMA AL RIHLA",
    "price": 849,
    "detail": "Al Rihla significa El Viaje, el balón es solo el comienzo. El resto de tu historia futbolística aún no está escrito. Inspirado en el look del balón oficial para partidos de la Copa Mundial de la FIFA™, este balón de entrenamiento Al Rihla de adidas es ideal para sesiones intensas. Su estructura cosida a máquina y la cámara de butilo garantizan resistencia y longevidad. La capa con holograma metalizado llama la atención en todo momento y lugar.",
    "size": "5",
    "image": "https://res.cloudinary.com/ddl3snuoe/image/upload/v1665524766/Balon_de_Entrenamiento_Holograma_Al_Rihla_Multicolor_H57799_01_standard_vovikk.jpg",
    "stock": 20,
    "rating": 4,
    "visible": true
  },
  {
    "id": "x003",
    "name": "CALZADO DE FÚTBOL X SPEEDPORTAL MESSI.4 PASTO SINTÉTICO",
    "price": 1599,
    "detail": "Este calzado de fútbol fue creado para realizar movimientos rápidos y cambios de velocidad en superficies de césped artificial. Suave y resistente, su exterior textil revestido te ayuda a mantener el balón bajo tu control. Los estampados llamativos destacan el amor que Lionel Messi tiene con el balón. Hecho a base de materiales reciclados, el exterior incorpora al menos un 50 % de contenido reciclado. Este producto representa solo una de nuestras soluciones para acabar con los residuos plásticos.",
    "size": "6.5",
    "image": "https://res.cloudinary.com/ddl3snuoe/image/upload/v1665524632/Calzado_de_Futbol_X_Speedportal_Messi.4_Pasto_Sintetico_Blanco_GW8401_22_model_d6znav.jpg",
    "stock": 15,
    "rating": 3,
    "visible": true
  },
  {
    "id": "x004",
    "name": "CALZADO DE FÚTBOL X SPEEDPORTAL MESSI.4 PASTO SINTÉTICO",
    "price": 1599,
    "detail": "Este calzado de fútbol fue creado para realizar movimientos rápidos y cambios de velocidad en superficies de césped artificial. Suave y resistente, su exterior textil revestido te ayuda a mantener el balón bajo tu control. Los estampados llamativos destacan el amor que Lionel Messi tiene con el balón. Hecho a base de materiales reciclados, el exterior incorpora al menos un 50 % de contenido reciclado. Este producto representa solo una de nuestras soluciones para acabar con los residuos plásticos.",
    "size": "7.5",
    "image": "https://res.cloudinary.com/ddl3snuoe/image/upload/v1665524632/Calzado_de_Futbol_X_Speedportal_Messi.4_Pasto_Sintetico_Blanco_GW8401_22_model_d6znav.jpg",
    "stock": 15,
    "rating": 3,
    "visible": true
  },
  {
    "id": "x005",
    "name": "CALZADO DE FÚTBOL X SPEEDPORTAL MESSI.4 PASTO SINTÉTICO",
    "price": 1599,
    "detail": "Este calzado de fútbol fue creado para realizar movimientos rápidos y cambios de velocidad en superficies de césped artificial. Suave y resistente, su exterior textil revestido te ayuda a mantener el balón bajo tu control. Los estampados llamativos destacan el amor que Lionel Messi tiene con el balón. Hecho a base de materiales reciclados, el exterior incorpora al menos un 50 % de contenido reciclado. Este producto representa solo una de nuestras soluciones para acabar con los residuos plásticos.",
    "size": "9",
    "image": "https://res.cloudinary.com/ddl3snuoe/image/upload/v1665524632/Calzado_de_Futbol_X_Speedportal_Messi.4_Pasto_Sintetico_Blanco_GW8401_22_model_d6znav.jpg",
    "stock": 15,
    "rating": 3,
    "visible": true
  },
  {
    "id": "x006",
    "name": "CALZADO DE FÚTBOL PREDATOR EDGE.1 PASTO SINTÉTICO",
    "price": 4599,
    "detail": "Da un giro a lo ordinario para encontrar tus límites. Introduce una nueva faceta de tu juego con este calzado de fútbol de pasto sintético adidas Predator. Sobre una mediasuela Bounce flexible, su exterior Zone Skin incluye secciones acanaladas discretas, cada una de las cuales se destaca en un tipo diferente de contacto con el balón. El cuello flexible de adidas PRIMEKNIT sujeta el pie mientras tú dominas la cancha.",
    "size": "5.5",
    "image": "https://res.cloudinary.com/ddl3snuoe/image/upload/v1665524590/Calzado_de_Futbol_Predator_Edge.1_Pasto_Sintetico_Blanco_GZ6101_22_model_nxblfb.jpg",
    "stock": 18,
    "rating": 4,
    "visible": true
  },
  {
    "id": "x007",
    "name": "CALZADO DE FÚTBOL PREDATOR EDGE.1 PASTO SINTÉTICO",
    "price": 4599,
    "detail": "Da un giro a lo ordinario para encontrar tus límites. Introduce una nueva faceta de tu juego con este calzado de fútbol de pasto sintético adidas Predator. Sobre una mediasuela Bounce flexible, su exterior Zone Skin incluye secciones acanaladas discretas, cada una de las cuales se destaca en un tipo diferente de contacto con el balón. El cuello flexible de adidas PRIMEKNIT sujeta el pie mientras tú dominas la cancha.",
    "size": "6",
    "image": "https://res.cloudinary.com/ddl3snuoe/image/upload/v1665524590/Calzado_de_Futbol_Predator_Edge.1_Pasto_Sintetico_Blanco_GZ6101_22_model_nxblfb.jpg",
    "stock": 18,
    "rating": 4,
    "visible": true
  },
  {
    "id": "x008",
    "name": "CALZADO DE FÚTBOL PREDATOR EDGE.1 PASTO SINTÉTICO",
    "price": 4599,
    "detail": "Da un giro a lo ordinario para encontrar tus límites. Introduce una nueva faceta de tu juego con este calzado de fútbol de pasto sintético adidas Predator. Sobre una mediasuela Bounce flexible, su exterior Zone Skin incluye secciones acanaladas discretas, cada una de las cuales se destaca en un tipo diferente de contacto con el balón. El cuello flexible de adidas PRIMEKNIT sujeta el pie mientras tú dominas la cancha.",
    "size": "9",
    "image": "https://res.cloudinary.com/ddl3snuoe/image/upload/v1665524590/Calzado_de_Futbol_Predator_Edge.1_Pasto_Sintetico_Blanco_GZ6101_22_model_nxblfb.jpg",
    "stock": 18,
    "rating": 4,
    "visible": true
  },
  {
    "id": "x009",
    "name": "CALZADO DE FÚTBOL X SPEEDPORTAL.3 TERRENO FIRME",
    "price": 1999,
    "detail": "Desata tu velocidad multidimensional con adidas X Speedportal. Los tacos de antepié adicionales en la suela ligera de este calzado de fútbol adidas te permiten reaccionar con rapidez en el terreno firme. El exterior textil revestido suave incluye un cuello de sujeción de tejido plano y un refuerzo de talón externo en TPU para mantenerte firme en cada movimiento.",
    "size": "7",
    "image": "https://res.cloudinary.com/ddl3snuoe/image/upload/v1665524550/Calzado_de_Futbol_X_Speedportal.3_Terreno_Firme_Azul_GW8456_22_model_csrefk.jpg",
    "stock": 18,
    "rating": 5,
    "visible": true
  },
  {
    "id": "x010",
    "name": "CALZADO DE FÚTBOL X SPEEDPORTAL.3 TERRENO FIRME",
    "price": 1999,
    "detail": "Desata tu velocidad multidimensional con adidas X Speedportal. Los tacos de antepié adicionales en la suela ligera de este calzado de fútbol adidas te permiten reaccionar con rapidez en el terreno firme. El exterior textil revestido suave incluye un cuello de sujeción de tejido plano y un refuerzo de talón externo en TPU para mantenerte firme en cada movimiento.",
    "size": "9",
    "image": "https://res.cloudinary.com/ddl3snuoe/image/upload/v1665524550/Calzado_de_Futbol_X_Speedportal.3_Terreno_Firme_Azul_GW8456_22_model_csrefk.jpg",
    "stock": 18,
    "rating": 5,
    "visible": true
  },
  {
    "id": "x011",
    "name": "JERSEY UNIFORME DE LOCAL BÉLGICA 22",
    "price": 1799,
    "detail": "Ilumina el evento de fútbol más importante. Con llamas rojas y amarillas envolviendo sus mangas negras, este jersey de local de Bélgica se inspira en el apodo de los Diablos Rojos. Su tejido con tecnología de absorción AEROREADY y los paneles de malla mantienen a los hinchas secos en los momentos más intensos en la cancha. El logo de las 3 Franjas de adidas en el pecho le confiere un look fresco y se combina con una versión tejida del escudo de Bélgica.",
    "size": "S",
    "image": "https://res.cloudinary.com/ddl3snuoe/image/upload/v1665517741/Jersey_Uniforme_de_Local_Belgica_22_Rojo_HD9412_21_model_aknlca.jpg",
    "stock": 25,
    "rating": 5,
    "visible": true
  },
  {
    "id": "x012",
    "name": "JERSEY UNIFORME DE LOCAL BÉLGICA 22",
    "price": 1799,
    "detail": "Ilumina el evento de fútbol más importante. Con llamas rojas y amarillas envolviendo sus mangas negras, este jersey de local de Bélgica se inspira en el apodo de los Diablos Rojos. Su tejido con tecnología de absorción AEROREADY y los paneles de malla mantienen a los hinchas secos en los momentos más intensos en la cancha. El logo de las 3 Franjas de adidas en el pecho le confiere un look fresco y se combina con una versión tejida del escudo de Bélgica.",
    "size": "M",
    "image": "https://res.cloudinary.com/ddl3snuoe/image/upload/v1665517741/Jersey_Uniforme_de_Local_Belgica_22_Rojo_HD9412_21_model_aknlca.jpg",
    "stock": 25,
    "rating": 5,
    "visible": true
  },
  {
    "id": "x013",
    "name": "JERSEY UNIFORME DE LOCAL BÉLGICA 22",
    "price": 1799,
    "detail": "Ilumina el evento de fútbol más importante. Con llamas rojas y amarillas envolviendo sus mangas negras, este jersey de local de Bélgica se inspira en el apodo de los Diablos Rojos. Su tejido con tecnología de absorción AEROREADY y los paneles de malla mantienen a los hinchas secos en los momentos más intensos en la cancha. El logo de las 3 Franjas de adidas en el pecho le confiere un look fresco y se combina con una versión tejida del escudo de Bélgica.",
    "size": "L",
    "image": "https://res.cloudinary.com/ddl3snuoe/image/upload/v1665517741/Jersey_Uniforme_de_Local_Belgica_22_Rojo_HD9412_21_model_aknlca.jpg",
    "stock": 25,
    "rating": 5,
    "visible": true
  },
  {
    "id": "x014",
    "name": "JERSEY UNIFORME DE LOCAL BÉLGICA 22",
    "price": 1799,
    "detail": "Ilumina el evento de fútbol más importante. Con llamas rojas y amarillas envolviendo sus mangas negras, este jersey de local de Bélgica se inspira en el apodo de los Diablos Rojos. Su tejido con tecnología de absorción AEROREADY y los paneles de malla mantienen a los hinchas secos en los momentos más intensos en la cancha. El logo de las 3 Franjas de adidas en el pecho le confiere un look fresco y se combina con una versión tejida del escudo de Bélgica.",
    "size": "XL",
    "image": "https://res.cloudinary.com/ddl3snuoe/image/upload/v1665517741/Jersey_Uniforme_de_Local_Belgica_22_Rojo_HD9412_21_model_aknlca.jpg",
    "stock": 25,
    "rating": 5,
    "visible": true
  },
  {
    "id": "x0015",
    "name": "JERSEY UNIFORME DE VISITANTE BÉLGICA 22",
    "price": 1799,
    "detail": "Prepárate para destacar en el mayor escenario del fútbol internacional. El nuevo jersey de visitante adidas para los Diablos Rojos de Bélgica está inspirado en los fuegos artificiales de Tomorrowland. Una verdadera declaración de amor, como también se refleja en la parte exterior trasera del cuello con la inscripción LOVE y el logo de Tomorrowland. Diseñado para hinchas de fútbol y festivales de todos los rincones del mundo, este jersey incorpora tecnología de absorción AEROREADY.",
    "size": "S",
    "image": "https://res.cloudinary.com/ddl3snuoe/image/upload/v1665517786/Jersey_Uniforme_de_Visitante_Belgica_22_Blanco_HK5034_21_model_ksybih.jpg",
    "stock": 25,
    "rating": 4,
    "visible": true
  },
  {
    "id": "x0016",
    "name": "JERSEY UNIFORME DE VISITANTE BÉLGICA 22",
    "price": 1799,
    "detail": "Prepárate para destacar en el mayor escenario del fútbol internacional. El nuevo jersey de visitante adidas para los Diablos Rojos de Bélgica está inspirado en los fuegos artificiales de Tomorrowland. Una verdadera declaración de amor, como también se refleja en la parte exterior trasera del cuello con la inscripción LOVE y el logo de Tomorrowland. Diseñado para hinchas de fútbol y festivales de todos los rincones del mundo, este jersey incorpora tecnología de absorción AEROREADY.",
    "size": "M",
    "image": "https://res.cloudinary.com/ddl3snuoe/image/upload/v1665517786/Jersey_Uniforme_de_Visitante_Belgica_22_Blanco_HK5034_21_model_ksybih.jpg",
    "stock": 25,
    "rating": 4,
    "visible": true
  },
  {
    "id": "x0017",
    "name": "JERSEY UNIFORME DE VISITANTE BÉLGICA 22",
    "price": 1799,
    "detail": "Prepárate para destacar en el mayor escenario del fútbol internacional. El nuevo jersey de visitante adidas para los Diablos Rojos de Bélgica está inspirado en los fuegos artificiales de Tomorrowland. Una verdadera declaración de amor, como también se refleja en la parte exterior trasera del cuello con la inscripción LOVE y el logo de Tomorrowland. Diseñado para hinchas de fútbol y festivales de todos los rincones del mundo, este jersey incorpora tecnología de absorción AEROREADY.",
    "size": "L",
    "image": "https://res.cloudinary.com/ddl3snuoe/image/upload/v1665517786/Jersey_Uniforme_de_Visitante_Belgica_22_Blanco_HK5034_21_model_ksybih.jpg",
    "stock": 25,
    "rating": 4,
    "visible": true
  },
  {
    "id": "x0018",
    "name": "JERSEY UNIFORME DE VISITANTE BÉLGICA 22",
    "price": 1799,
    "detail": "Prepárate para destacar en el mayor escenario del fútbol internacional. El nuevo jersey de visitante adidas para los Diablos Rojos de Bélgica está inspirado en los fuegos artificiales de Tomorrowland. Una verdadera declaración de amor, como también se refleja en la parte exterior trasera del cuello con la inscripción LOVE y el logo de Tomorrowland. Diseñado para hinchas de fútbol y festivales de todos los rincones del mundo, este jersey incorpora tecnología de absorción AEROREADY.",
    "size": "X",
    "image": "https://res.cloudinary.com/ddl3snuoe/image/upload/v1665517786/Jersey_Uniforme_de_Visitante_Belgica_22_Blanco_HK5034_21_model_ksybih.jpg",
    "stock": 25,
    "rating": 4,
    "visible": true
  },
  {
    "id": "x019",
    "name": "JERSEY ICON ALEMANIA",
    "price": 1699,
    "detail": "Luciendo los colores de la bandera nacional, los estampados adidas Equipment se destacan en los costados de este jersey de fútbol de Alemania. Parte de una colección que reinterpreta algo del estilo de los 90, está confeccionado en un ajuste holgado para brindar comodidad en todo momento. Luciendo esas envidiadas estrellas, el escudo del equipo ubicado en el centro le da un toque retro.",
    "size": "S - M - L",
    "image": "https://res.cloudinary.com/ddl3snuoe/image/upload/v1665517415/Jersey_Icon_Alemania_Blanco_HS5941_01_laydown_ocegf2.jpg",
    "stock": 25,
    "rating": 5,
    "visible": true
  },
  {
    "id": "x020",
    "name": "JERSEY ICON ALEMANIA",
    "price": 1699,
    "detail": "Luciendo los colores de la bandera nacional, los estampados adidas Equipment se destacan en los costados de este jersey de fútbol de Alemania. Parte de una colección que reinterpreta algo del estilo de los 90, está confeccionado en un ajuste holgado para brindar comodidad en todo momento. Luciendo esas envidiadas estrellas, el escudo del equipo ubicado en el centro le da un toque retro.",
    "size": "M",
    "image": "https://res.cloudinary.com/ddl3snuoe/image/upload/v1665517415/Jersey_Icon_Alemania_Blanco_HS5941_01_laydown_ocegf2.jpg",
    "stock": 25,
    "rating": 5,
    "visible": true
  },
  {
    "id": "x021",
    "name": "JERSEY ICON ALEMANIA",
    "price": 1699,
    "detail": "Luciendo los colores de la bandera nacional, los estampados adidas Equipment se destacan en los costados de este jersey de fútbol de Alemania. Parte de una colección que reinterpreta algo del estilo de los 90, está confeccionado en un ajuste holgado para brindar comodidad en todo momento. Luciendo esas envidiadas estrellas, el escudo del equipo ubicado en el centro le da un toque retro.",
    "size": "L",
    "image": "https://res.cloudinary.com/ddl3snuoe/image/upload/v1665517415/Jersey_Icon_Alemania_Blanco_HS5941_01_laydown_ocegf2.jpg",
    "stock": 25,
    "rating": 5,
    "visible": true
  },
  {
    "id": "x022",
    "name": "JERSEY UNIFORME DE VISITANTE ALEMANIA 22",
    "price": 1499,
    "detail": "Inspirado en los colores de la bandera del país, este jersey visitante adidas para jóvenes distorsiona la D de Deutschland para reflejar el dinamismo del equipo actual. Enfocado en mantener los hinchas orgullosos y cómodos, este jersey incluye details tejidos del equipo y tecnología de absorción AEROREADY.",
    "size": "S",
    "image": "https://res.cloudinary.com/ddl3snuoe/image/upload/v1665517437/Jersey_Uniforme_de_Visitante_Alemania_22_Negro_HF1469_01_laydown_st9xop.jpg",
    "stock": 20,
    "rating": 3,
    "visible": true
  },
  {
    "id": "x023",
    "name": "JERSEY UNIFORME DE VISITANTE ALEMANIA 22",
    "price": 1499,
    "detail": "Inspirado en los colores de la bandera del país, este jersey visitante adidas para jóvenes distorsiona la D de Deutschland para reflejar el dinamismo del equipo actual. Enfocado en mantener los hinchas orgullosos y cómodos, este jersey incluye details tejidos del equipo y tecnología de absorción AEROREADY.",
    "size": "M",
    "image": "https://res.cloudinary.com/ddl3snuoe/image/upload/v1665517437/Jersey_Uniforme_de_Visitante_Alemania_22_Negro_HF1469_01_laydown_st9xop.jpg",
    "stock": 20,
    "rating": 3,
    "visible": true
  },
  {
    "id": "x024",
    "name": "JERSEY UNIFORME DE VISITANTE ALEMANIA 22",
    "price": 1499,
    "detail": "Inspirado en los colores de la bandera del país, este jersey visitante adidas para jóvenes distorsiona la D de Deutschland para reflejar el dinamismo del equipo actual. Enfocado en mantener los hinchas orgullosos y cómodos, este jersey incluye details tejidos del equipo y tecnología de absorción AEROREADY.",
    "size": "L",
    "image": "https://res.cloudinary.com/ddl3snuoe/image/upload/v1665517437/Jersey_Uniforme_de_Visitante_Alemania_22_Negro_HF1469_01_laydown_st9xop.jpg",
    "stock": 20,
    "rating": 3,
    "visible": true
  },
  {
    "id": "x025",
    "name": "JERSEY UNIFORME DE LOCAL ESPAÑA 22",
    "price": 1499,
    "detail": "Un país unido. Inspirado en el distintivo ADN futbolístico de España, este jersey de local atemporal para jóvenes está dominado por los famosos colores rojos del equipo. En el pecho, versiones tejidas del escudo actualizado de la Selección de España y las 3 Franjas de adidas irradian orgullo. Incorpora tecnología de absorción AEROREADY que se encarga del sudor bajo la superficie para mantener a los hinchas cómodos mientras siguen la acción en la cancha.",
    "size": "S",
    "image": "https://res.cloudinary.com/ddl3snuoe/image/upload/v1665517283/Jersey_Uniforme_de_Local_Espana_22_Rojo_HF1408_01_laydown_enu6zd.jpg",
    "stock": 15,
    "rating": 5,
    "visible": true
  },
  {
    "id": "x026",
    "name": "JERSEY UNIFORME DE LOCAL ESPAÑA 22",
    "price": 1499,
    "detail": "Un país unido. Inspirado en el distintivo ADN futbolístico de España, este jersey de local atemporal para jóvenes está dominado por los famosos colores rojos del equipo. En el pecho, versiones tejidas del escudo actualizado de la Selección de España y las 3 Franjas de adidas irradian orgullo. Incorpora tecnología de absorción AEROREADY que se encarga del sudor bajo la superficie para mantener a los hinchas cómodos mientras siguen la acción en la cancha.",
    "size": "M",
    "image": "https://res.cloudinary.com/ddl3snuoe/image/upload/v1665517283/Jersey_Uniforme_de_Local_Espana_22_Rojo_HF1408_01_laydown_enu6zd.jpg",
    "stock": 15,
    "rating": 5,
    "visible": true
  },
  {
    "id": "x027",
    "name": "JERSEY UNIFORME DE LOCAL ESPAÑA 22",
    "price": 1499,
    "detail": "Un país unido. Inspirado en el distintivo ADN futbolístico de España, este jersey de local atemporal para jóvenes está dominado por los famosos colores rojos del equipo. En el pecho, versiones tejidas del escudo actualizado de la Selección de España y las 3 Franjas de adidas irradian orgullo. Incorpora tecnología de absorción AEROREADY que se encarga del sudor bajo la superficie para mantener a los hinchas cómodos mientras siguen la acción en la cancha.",
    "size": "L",
    "image": "https://res.cloudinary.com/ddl3snuoe/image/upload/v1665517283/Jersey_Uniforme_de_Local_Espana_22_Rojo_HF1408_01_laydown_enu6zd.jpg",
    "stock": 15,
    "rating": 5,
    "visible": true
  },
  {
    "id": "x028",
    "name": "JERSEY UNIFORME DE LOCAL ESPAÑA 22",
    "price": 1499,
    "detail": "Un país unido. Inspirado en el distintivo ADN futbolístico de España, este jersey de local atemporal para jóvenes está dominado por los famosos colores rojos del equipo. En el pecho, versiones tejidas del escudo actualizado de la Selección de España y las 3 Franjas de adidas irradian orgullo. Incorpora tecnología de absorción AEROREADY que se encarga del sudor bajo la superficie para mantener a los hinchas cómodos mientras siguen la acción en la cancha.",
    "size": "X",
    "image": "https://res.cloudinary.com/ddl3snuoe/image/upload/v1665517283/Jersey_Uniforme_de_Local_Espana_22_Rojo_HF1408_01_laydown_enu6zd.jpg",
    "stock": 15,
    "rating": 5,
    "visible": true
  },
  {
    "id": "x029",
    "name": "JERSEY UNIFORME DE VISITANTE ESPAÑA 22",
    "price": 1499,
    "detail": "Listo para conquistar el mundo. El estampado ondulado de este jersey adidas para jóvenes se inspira en el logo de estilo art déco que recibió a los mejores futbolistas en España en 1982. En el centro del pecho se destacan las versiones tejidas del logo de las 3 Franjas y el escudo actualizado de la Selección de España. Creado para envolver los hinchas en comodidad, este jersey incorpora tecnología de absorción AEROREADY y paneles en la malla.",
    "size": "S",
    "image": "https://res.cloudinary.com/ddl3snuoe/image/upload/v1665517309/Jersey_Uniforme_de_Visitante_Espana_22_Azul_HF1405_01_laydown_sl4jrk.jpg",
    "stock": 18,
    "rating": 5,
    "visible": true
  },
  {
    "id": "x030",
    "name": "JERSEY UNIFORME DE VISITANTE ESPAÑA 22",
    "price": 1499,
    "detail": "Listo para conquistar el mundo. El estampado ondulado de este jersey adidas para jóvenes se inspira en el logo de estilo art déco que recibió a los mejores futbolistas en España en 1982. En el centro del pecho se destacan las versiones tejidas del logo de las 3 Franjas y el escudo actualizado de la Selección de España. Creado para envolver los hinchas en comodidad, este jersey incorpora tecnología de absorción AEROREADY y paneles en la malla.",
    "size": "M",
    "image": "https://res.cloudinary.com/ddl3snuoe/image/upload/v1665517309/Jersey_Uniforme_de_Visitante_Espana_22_Azul_HF1405_01_laydown_sl4jrk.jpg",
    "stock": 18,
    "rating": 5,
    "visible": true
  },
  {
    "id": "x031",
    "name": "JERSEY UNIFORME DE VISITANTE ESPAÑA 22",
    "price": 1499,
    "detail": "Listo para conquistar el mundo. El estampado ondulado de este jersey adidas para jóvenes se inspira en el logo de estilo art déco que recibió a los mejores futbolistas en España en 1982. En el centro del pecho se destacan las versiones tejidas del logo de las 3 Franjas y el escudo actualizado de la Selección de España. Creado para envolver los hinchas en comodidad, este jersey incorpora tecnología de absorción AEROREADY y paneles en la malla.",
    "size": "L",
    "image": "https://res.cloudinary.com/ddl3snuoe/image/upload/v1665517309/Jersey_Uniforme_de_Visitante_Espana_22_Azul_HF1405_01_laydown_sl4jrk.jpg",
    "stock": 18,
    "rating": 5,
    "visible": true
  },
  {
    "id": "x032",
    "name": "JERSEY UNIFORME DE VISITANTE ESPAÑA 22",
    "price": 1499,
    "detail": "Listo para conquistar el mundo. El estampado ondulado de este jersey adidas para jóvenes se inspira en el logo de estilo art déco que recibió a los mejores futbolistas en España en 1982. En el centro del pecho se destacan las versiones tejidas del logo de las 3 Franjas y el escudo actualizado de la Selección de España. Creado para envolver los hinchas en comodidad, este jersey incorpora tecnología de absorción AEROREADY y paneles en la malla.",
    "size": "X",
    "image": "https://res.cloudinary.com/ddl3snuoe/image/upload/v1665517309/Jersey_Uniforme_de_Visitante_Espana_22_Azul_HF1405_01_laydown_sl4jrk.jpg",
    "stock": 18,
    "rating": 5,
    "visible": true
  },
  {
    "id": "x033",
    "name": "JERSEY DE LOCAL ARGENTINA 22",
    "price": 1799,
    "detail": "100% Argentina. A lo largo de la historia del fútbol, estas tres rayas azules han representado un juego de pies hipnotizante y un compromiso incomparable. Para el nuevo jersey de local de la Selección, adidas regresó a ese look ganador. Diseñado para hinchas, ofrece comodidad en todo momento gracias a su tejido suave con tecnología de absorción AEROREADY. Los details en la parte interior trasera del cuello están inspirados en la bandera nacional que los jugadores representan con tanto orgullo.",
    "size": "S",
    "image": "https://res.cloudinary.com/ddl3snuoe/image/upload/v1665517165/e-comerce/Jersey_de_Local_Argentina_22_Blanco_HF1495_01_laydown_nohfhc.jpg",
    "stock": 25,
    "rating": 4,
    "visible": true
  },
  {
    "id": "x034",
    "name": "JERSEY DE LOCAL ARGENTINA 22",
    "price": 1799,
    "detail": "100% Argentina. A lo largo de la historia del fútbol, estas tres rayas azules han representado un juego de pies hipnotizante y un compromiso incomparable. Para el nuevo jersey de local de la Selección, adidas regresó a ese look ganador. Diseñado para hinchas, ofrece comodidad en todo momento gracias a su tejido suave con tecnología de absorción AEROREADY. Los details en la parte interior trasera del cuello están inspirados en la bandera nacional que los jugadores representan con tanto orgullo.",
    "size": "M",
    "image": "https://res.cloudinary.com/ddl3snuoe/image/upload/v1665517165/e-comerce/Jersey_de_Local_Argentina_22_Blanco_HF1495_01_laydown_nohfhc.jpg",
    "stock": 25,
    "rating": 4,
    "visible": true
  },
  {
    "id": "x035",
    "name": "JERSEY DE LOCAL ARGENTINA 22",
    "price": 1799,
    "detail": "100% Argentina. A lo largo de la historia del fútbol, estas tres rayas azules han representado un juego de pies hipnotizante y un compromiso incomparable. Para el nuevo jersey de local de la Selección, adidas regresó a ese look ganador. Diseñado para hinchas, ofrece comodidad en todo momento gracias a su tejido suave con tecnología de absorción AEROREADY. Los details en la parte interior trasera del cuello están inspirados en la bandera nacional que los jugadores representan con tanto orgullo.",
    "size": "L",
    "image": "https://res.cloudinary.com/ddl3snuoe/image/upload/v1665517165/e-comerce/Jersey_de_Local_Argentina_22_Blanco_HF1495_01_laydown_nohfhc.jpg",
    "stock": 25,
    "rating": 4,
    "visible": true
  },
  {
    "id": "x036",
    "name": "JERSEY DE LOCAL ARGENTINA 22",
    "price": 1799,
    "detail": "100% Argentina. A lo largo de la historia del fútbol, estas tres rayas azules han representado un juego de pies hipnotizante y un compromiso incomparable. Para el nuevo jersey de local de la Selección, adidas regresó a ese look ganador. Diseñado para hinchas, ofrece comodidad en todo momento gracias a su tejido suave con tecnología de absorción AEROREADY. Los details en la parte interior trasera del cuello están inspirados en la bandera nacional que los jugadores representan con tanto orgullo.",
    "size": "X",
    "image": "https://res.cloudinary.com/ddl3snuoe/image/upload/v1665517165/e-comerce/Jersey_de_Local_Argentina_22_Blanco_HF1495_01_laydown_nohfhc.jpg",
    "stock": 25,
    "rating": 4,
    "visible": true
  },
  {
    "id": "x037",
    "name": "JERSEY VISITANTE ARGENTINA 22",
    "price": 1799,
    "detail": "Este jersey adidas visitante de Argentina impulsa el orgullo nacional y la búsqueda de un mundo más justo. Presenta un color morado que representa la igualdad de género y un potente estampado inspirado en el Sol de Mayo presente en su bandera nacional. Creado para aportar comodidad a los seguidores, su tejido transpirable AEROREADY mantiene la piel fresca y seca. El escudo cosido en el pecho remata este look deportivo.",
    "size": "S",
    "image": "https://res.cloudinary.com/ddl3snuoe/image/upload/v1665517223/Jersey_Visitante_Nino_Argentina_22_Azul_HF1489_01_laydown_cconj8.jpg",
    "stock": 20,
    "rating": 3,
    "visible": true
  },
  {
    "id": "x038",
    "name": "JERSEY VISITANTE ARGENTINA 22",
    "price": 1799,
    "detail": "Este jersey adidas visitante de Argentina impulsa el orgullo nacional y la búsqueda de un mundo más justo. Presenta un color morado que representa la igualdad de género y un potente estampado inspirado en el Sol de Mayo presente en su bandera nacional. Creado para aportar comodidad a los seguidores, su tejido transpirable AEROREADY mantiene la piel fresca y seca. El escudo cosido en el pecho remata este look deportivo.",
    "size": "M",
    "image": "https://res.cloudinary.com/ddl3snuoe/image/upload/v1665517223/Jersey_Visitante_Nino_Argentina_22_Azul_HF1489_01_laydown_cconj8.jpg",
    "stock": 20,
    "rating": 3,
    "visible": true
  },
  {
    "id": "x039",
    "name": "JERSEY VISITANTE ARGENTINA 22",
    "price": 1799,
    "detail": "Este jersey adidas visitante de Argentina impulsa el orgullo nacional y la búsqueda de un mundo más justo. Presenta un color morado que representa la igualdad de género y un potente estampado inspirado en el Sol de Mayo presente en su bandera nacional. Creado para aportar comodidad a los seguidores, su tejido transpirable AEROREADY mantiene la piel fresca y seca. El escudo cosido en el pecho remata este look deportivo.",
    "size": "L",
    "image": "https://res.cloudinary.com/ddl3snuoe/image/upload/v1665517223/Jersey_Visitante_Nino_Argentina_22_Azul_HF1489_01_laydown_cconj8.jpg",
    "stock": 20,
    "rating": 3,
    "visible": true
  },
  {
    "id": "x040",
    "name": "JERSEY VISITANTE ARGENTINA 22",
    "price": 1799,
    "detail": "Este jersey adidas visitante de Argentina impulsa el orgullo nacional y la búsqueda de un mundo más justo. Presenta un color morado que representa la igualdad de género y un potente estampado inspirado en el Sol de Mayo presente en su bandera nacional. Creado para aportar comodidad a los seguidores, su tejido transpirable AEROREADY mantiene la piel fresca y seca. El escudo cosido en el pecho remata este look deportivo.",
    "size": "X",
    "image": "https://res.cloudinary.com/ddl3snuoe/image/upload/v1665517223/Jersey_Visitante_Nino_Argentina_22_Azul_HF1489_01_laydown_cconj8.jpg",
    "stock": 20,
    "rating": 3,
    "visible": true
  },
  {
    "id": "x041",
    "name": "CONJUNTO LOCAL SELECCIÓN NACIONAL DE MÉXICO",
    "price": 1399,
    "detail": "El tejido suave con tecnología de absorción AEROREADY se encarga de brindar comodidad mientras viven sus sueños futboleros.",
    "size": "S",
    "image": "https://res.cloudinary.com/ddl3snuoe/image/upload/v1665516811/e-comerce/D_NQ_NP_714845-MLM50636648042_072022-O_vx6h9c.webp",
    "stock": 15,
    "rating": 5,
    "visible": true
  },
  {
    "id": "x042",
    "name": "CONJUNTO LOCAL SELECCIÓN NACIONAL DE MÉXICO",
    "price": 1399,
    "detail": "El tejido suave con tecnología de absorción AEROREADY se encarga de brindar comodidad mientras viven sus sueños futboleros.",
    "size": "M",
    "image": "https://res.cloudinary.com/ddl3snuoe/image/upload/v1665516811/e-comerce/D_NQ_NP_714845-MLM50636648042_072022-O_vx6h9c.webp",
    "stock": 15,
    "rating": 5,
    "visible": true
  },
  {
    "id": "x043",
    "name": "CONJUNTO LOCAL SELECCIÓN NACIONAL DE MÉXICO",
    "price": 1399,
    "detail": "El tejido suave con tecnología de absorción AEROREADY se encarga de brindar comodidad mientras viven sus sueños futboleros.",
    "size": "L",
    "image": "https://res.cloudinary.com/ddl3snuoe/image/upload/v1665516811/e-comerce/D_NQ_NP_714845-MLM50636648042_072022-O_vx6h9c.webp",
    "stock": 15,
    "rating": 5,
    "visible": true
  },
  {
    "id": "x044",
    "name": "CONJUNTO LOCAL SELECCIÓN NACIONAL DE MÉXICO",
    "price": 1399,
    "detail": "El tejido suave con tecnología de absorción AEROREADY se encarga de brindar comodidad mientras viven sus sueños futboleros.",
    "size": "X",
    "image": "https://res.cloudinary.com/ddl3snuoe/image/upload/v1665516811/e-comerce/D_NQ_NP_714845-MLM50636648042_072022-O_vx6h9c.webp",
    "stock": 15,
    "rating": 5,
    "visible": true
  },
  {
    "id": "x045",
    "name": "JERSEY VISITANTE SELECCIÓN NACIONAL DE MÉXICO",
    "price": 1499,
    "detail": "100% Mexicano. Inspirado en civilizaciones antiguas, este jersey de visitante de México reune el espíritu de lucha necesario para dominar el mundo del fútbol. En medio de ese llamativo diseño, un detail al exterior del cuello muestra el cuerpo de serpiente de Quetzalcoatl, símbolo de las capacidades físicas de la humanidad. Los paneles de malla y el tejido absorbente de la tecnología AEROREADY se encargan de mantenerte cómodo y fresco en todo momento.",
    "size": "S",
    "image": "https://res.cloudinary.com/ddl3snuoe/image/upload/v1665516743/e-comerce/D_NQ_NP_2X_960925-MLM51235127866_082022-F_x22ndm.webp",
    "stock": 25,
    "rating": 5,
    "visible": true
  },
  {
    "id": "x046",
    "name": "JERSEY VISITANTE SELECCIÓN NACIONAL DE MÉXICO",
    "price": 1499,
    "detail": "100% Mexicano. Inspirado en civilizaciones antiguas, este jersey de visitante de México reune el espíritu de lucha necesario para dominar el mundo del fútbol. En medio de ese llamativo diseño, un detail al exterior del cuello muestra el cuerpo de serpiente de Quetzalcoatl, símbolo de las capacidades físicas de la humanidad. Los paneles de malla y el tejido absorbente de la tecnología AEROREADY se encargan de mantenerte cómodo y fresco en todo momento.",
    "size": "M",
    "image": "https://res.cloudinary.com/ddl3snuoe/image/upload/v1665516743/e-comerce/D_NQ_NP_2X_960925-MLM51235127866_082022-F_x22ndm.webp",
    "stock": 25,
    "rating": 5,
    "visible": true
  },
  {
    "id": "x047",
    "name": "JERSEY VISITANTE SELECCIÓN NACIONAL DE MÉXICO",
    "price": 1499,
    "detail": "100% Mexicano. Inspirado en civilizaciones antiguas, este jersey de visitante de México reune el espíritu de lucha necesario para dominar el mundo del fútbol. En medio de ese llamativo diseño, un detail al exterior del cuello muestra el cuerpo de serpiente de Quetzalcoatl, símbolo de las capacidades físicas de la humanidad. Los paneles de malla y el tejido absorbente de la tecnología AEROREADY se encargan de mantenerte cómodo y fresco en todo momento.",
    "size": "L",
    "image": "https://res.cloudinary.com/ddl3snuoe/image/upload/v1665516743/e-comerce/D_NQ_NP_2X_960925-MLM51235127866_082022-F_x22ndm.webp",
    "stock": 25,
    "rating": 5,
    "visible": true
  },
  {
    "id": "x048",
    "name": "JERSEY VISITANTE SELECCIÓN NACIONAL DE MÉXICO",
    "price": 1499,
    "detail": "100% Mexicano. Inspirado en civilizaciones antiguas, este jersey de visitante de México reune el espíritu de lucha necesario para dominar el mundo del fútbol. En medio de ese llamativo diseño, un detail al exterior del cuello muestra el cuerpo de serpiente de Quetzalcoatl, símbolo de las capacidades físicas de la humanidad. Los paneles de malla y el tejido absorbente de la tecnología AEROREADY se encargan de mantenerte cómodo y fresco en todo momento.",
    "size": "X",
    "image": "https://res.cloudinary.com/ddl3snuoe/image/upload/v1665516743/e-comerce/D_NQ_NP_2X_960925-MLM51235127866_082022-F_x22ndm.webp",
    "stock": 25,
    "rating": 5,
    "visible": true
  },
  {
    "id": "x049",
    "name": "BALÓN AL RIHLA PRO",
    "price": 4099,
    "detail": "Al Rihla significa El Viaje, el balón es solo el comienzo. El resto de tu historia futbolística aún no está escrito. El balón oficial de la Copa Mundial de la FIFA Qatar 2022™, este balón adidas Al Rihla Pro sin costuras lleva la precisión a nuevas alturas. La forma de la estructura Speedshell inspirada en el dhow se combina con textura y grabado de diamante para mejorar el efecto de giro y la precisión. Los estampados vibrantes brillan bajo un acabado perlado.",
    "size": "5",
    "image": "https://res.cloudinary.com/ddl3snuoe/image/upload/v1665528805/Balon_Al_Rihla_Pro_Blanco_H57783_01_standard_a3u0bm.jpg",
    "stock": 30,
    "rating": 5,
    "visible": true
  },
  {
    "id": "x050",
    "name": "BALÓN DE ENTRENAMIENTO AL RIHLA",
    "price": 749,
    "detail": "Al Rihla significa El Viaje, el balón es solo el comienzo. El resto de tu historia futbolística aún no está escrito. Inspirado en el look del balón oficial para partidos de la Copa Mundial de la FIFA™, este balón de entrenamiento Al Rihla de adidas es ideal para sesiones intensas. Su estructura cosida a máquina y la cámara de butilo garantizan resistencia y longevidad. La superficie texturizada le da el acabado perfecto.",
    "size": "4",
    "image": "https://res.cloudinary.com/ddl3snuoe/image/upload/v1665528918/Balon_de_Entrenamiento_Al_Rihla_Blanco_H57798_01_standard_mrgtu8.jpg",
    "stock": 30,
    "rating": 5,
    "visible": true
  },
  {
    "id": "x051",
    "name": "BALÓN DE ENTRENAMIENTO AL RIHLA",
    "price": 749,
    "detail": "Al Rihla significa El Viaje, el balón es solo el comienzo. El resto de tu historia futbolística aún no está escrito. Inspirado en el look del balón oficial para partidos de la Copa Mundial de la FIFA™, este balón de entrenamiento Al Rihla de adidas es ideal para sesiones intensas. Su estructura cosida a máquina y la cámara de butilo garantizan resistencia y longevidad. La superficie texturizada le da el acabado perfecto.",
    "size": "5",
    "image": "https://res.cloudinary.com/ddl3snuoe/image/upload/v1665528918/Balon_de_Entrenamiento_Al_Rihla_Blanco_H57798_01_standard_mrgtu8.jpg",
    "stock": 30,
    "rating": 5,
    "visible": true
  },
  {
    "id": "x052",
    "name": "MINIBALÓN AL RIHLA",
    "price": 349,
    "detail": "Al Rihla significa El Viaje, el balón es solo el comienzo. El resto de tu historia futbolística aún no está escrito. Inspirado en el diseño del balón oficial para partidos de la Copa Mundial de la FIFA™, este minibalón adidas Al Rihla te permite llevar tus habilidades futbolísticas a donde vayas. Su tamaño compacto y su interior de espuma lo hacen perfecto para los espacios reducidos y nunca tendrás que preocuparte por inflarlo.",
    "size": "1",
    "image": "https://res.cloudinary.com/ddl3snuoe/image/upload/v1665528971/Minibalon_Al_Rihla_Blanco_H57793_01_standard_beirid.jpg",
    "stock": 80,
    "rating": 5,
    "visible": true
  },
  {
    "id": "x053",
    "name": "SHORTS UNIFORME LOCAL ARGENTINA 22",
    "price": 1099,
    "detail": "Parte de su uniforme local atemporal. Luciendo los clásicos colores blanco y negro, estos shorts de fútbol adidas de la Selección Argentina siguen el ejemplo del jersey al que acompañan. Creados para mantener cómodo al seguidor, están hechos de tejido suave y cuentan con tecnología de absorción AEROREADY. EL logo de la selección bordado le pone el toque final al diseño.",
    "size": "S",
    "image": "https://res.cloudinary.com/ddl3snuoe/image/upload/v1665529220/Shorts_Uniforme_Local_Argentina_22_Negro_HB9216_21_model_jdopxw.jpg",
    "stock": 20,
    "rating": 4,
    "visible": true
  },
  {
    "id": "x054",
    "name": "SHORTS UNIFORME LOCAL ARGENTINA 22",
    "price": 1099,
    "detail": "Parte de su uniforme local atemporal. Luciendo los clásicos colores blanco y negro, estos shorts de fútbol adidas de la Selección Argentina siguen el ejemplo del jersey al que acompañan. Creados para mantener cómodo al seguidor, están hechos de tejido suave y cuentan con tecnología de absorción AEROREADY. EL logo de la selección bordado le pone el toque final al diseño.",
    "size": "M",
    "image": "https://res.cloudinary.com/ddl3snuoe/image/upload/v1665529220/Shorts_Uniforme_Local_Argentina_22_Negro_HB9216_21_model_jdopxw.jpg",
    "stock": 20,
    "rating": 4,
    "visible": true
  },
  {
    "id": "x055",
    "name": "SHORTS UNIFORME LOCAL ARGENTINA 22",
    "price": 1099,
    "detail": "Parte de su uniforme local atemporal. Luciendo los clásicos colores blanco y negro, estos shorts de fútbol adidas de la Selección Argentina siguen el ejemplo del jersey al que acompañan. Creados para mantener cómodo al seguidor, están hechos de tejido suave y cuentan con tecnología de absorción AEROREADY. EL logo de la selección bordado le pone el toque final al diseño.",
    "size": "L",
    "image": "https://res.cloudinary.com/ddl3snuoe/image/upload/v1665529220/Shorts_Uniforme_Local_Argentina_22_Negro_HB9216_21_model_jdopxw.jpg",
    "stock": 20,
    "rating": 4,
    "visible": true
  },
  {
    "id": "x056",
    "name": "SHORTS UNIFORME LOCAL ARGENTINA 22",
    "price": 1099,
    "detail": "Parte de su uniforme local atemporal. Luciendo los clásicos colores blanco y negro, estos shorts de fútbol adidas de la Selección Argentina siguen el ejemplo del jersey al que acompañan. Creados para mantener cómodo al seguidor, están hechos de tejido suave y cuentan con tecnología de absorción AEROREADY. EL logo de la selección bordado le pone el toque final al diseño.",
    "size": "XL",
    "image": "https://res.cloudinary.com/ddl3snuoe/image/upload/v1665529220/Shorts_Uniforme_Local_Argentina_22_Negro_HB9216_21_model_jdopxw.jpg",
    "stock": 20,
    "rating": 4,
    "visible": true
  },
  {
    "id": "x057",
    "name": "SHORTS UNIFORME DE LOCAL ESPAÑA 22",
    "price": 1099,
    "detail": "Clásicos en todos los sentidos, estos shorts de fútbol adidas hacen parte del uniforme de local de España. Lucen los icónicos colores del país, el logo de las 3 Franjas y el escudo actualizado en la pierna. La tecnología AEROREADY mantiene tu cuerpo seco en la cancha y en los momentos de descanso en la tribuna.",
    "size": "S",
    "image": "https://res.cloudinary.com/ddl3snuoe/image/upload/v1665529441/Shorts_Uniforme_de_Local_Espana_22_Azul_HE2022_21_model_cgxczu.jpg",
    "stock": 20,
    "rating": 3,
    "visible": true
  },
  {
    "id": "x058",
    "name": "SHORTS UNIFORME DE LOCAL ESPAÑA 22",
    "price": 1099,
    "detail": "Clásicos en todos los sentidos, estos shorts de fútbol adidas hacen parte del uniforme de local de España. Lucen los icónicos colores del país, el logo de las 3 Franjas y el escudo actualizado en la pierna. La tecnología AEROREADY mantiene tu cuerpo seco en la cancha y en los momentos de descanso en la tribuna.",
    "size": "M",
    "image": "https://res.cloudinary.com/ddl3snuoe/image/upload/v1665529441/Shorts_Uniforme_de_Local_Espana_22_Azul_HE2022_21_model_cgxczu.jpg",
    "stock": 20,
    "rating": 3,
    "visible": true
  },
  {
    "id": "x059",
    "name": "SHORTS UNIFORME DE LOCAL ESPAÑA 22",
    "price": 1099,
    "detail": "Clásicos en todos los sentidos, estos shorts de fútbol adidas hacen parte del uniforme de local de España. Lucen los icónicos colores del país, el logo de las 3 Franjas y el escudo actualizado en la pierna. La tecnología AEROREADY mantiene tu cuerpo seco en la cancha y en los momentos de descanso en la tribuna.",
    "size": "L",
    "image": "https://res.cloudinary.com/ddl3snuoe/image/upload/v1665529441/Shorts_Uniforme_de_Local_Espana_22_Azul_HE2022_21_model_cgxczu.jpg",
    "stock": 20,
    "rating": 3,
    "visible": true
  },
  {
    "id": "x060",
    "name": "SHORTS UNIFORME DE LOCAL ESPAÑA 22",
    "price": 1099,
    "detail": "Clásicos en todos los sentidos, estos shorts de fútbol adidas hacen parte del uniforme de local de España. Lucen los icónicos colores del país, el logo de las 3 Franjas y el escudo actualizado en la pierna. La tecnología AEROREADY mantiene tu cuerpo seco en la cancha y en los momentos de descanso en la tribuna.",
    "size": "XL",
    "image": "https://res.cloudinary.com/ddl3snuoe/image/upload/v1665529441/Shorts_Uniforme_de_Local_Espana_22_Azul_HE2022_21_model_cgxczu.jpg",
    "stock": 20,
    "rating": 3,
    "visible": true
  },
  {
    "id": "x061",
    "name": "SHORTS UNIFORME DE LOCAL ALEMANIA 22",
    "price": 1099,
    "detail": "Parte del uniforme de local de la Selección de Alemania, inspirado en el ADN. Hechos con tejido suave con tecnología de absorción AEROREADY, estos shorts de fútbol adidas te mantienen cómodo sin importar si estás corriendo por la cancha o siguiendo a tus héroes. El escudo del equipo tejido tiene la última palabra y las cuatro estrellas que tanto han costado conseguir.",
    "size": "S",
    "image": "https://res.cloudinary.com/ddl3snuoe/image/upload/v1665529527/Shorts_Uniforme_de_Local_Alemania_22_Negro_HJ9605_21_model_bzu6zh.jpg",
    "stock": 20,
    "rating": 4,
    "visible": true
  },
  {
    "id": "x062",
    "name": "SHORTS UNIFORME DE LOCAL ALEMANIA 22",
    "price": 1099,
    "detail": "Parte del uniforme de local de la Selección de Alemania, inspirado en el ADN. Hechos con tejido suave con tecnología de absorción AEROREADY, estos shorts de fútbol adidas te mantienen cómodo sin importar si estás corriendo por la cancha o siguiendo a tus héroes. El escudo del equipo tejido tiene la última palabra y las cuatro estrellas que tanto han costado conseguir.",
    "size": "M",
    "image": "https://res.cloudinary.com/ddl3snuoe/image/upload/v1665529527/Shorts_Uniforme_de_Local_Alemania_22_Negro_HJ9605_21_model_bzu6zh.jpg",
    "stock": 20,
    "rating": 4,
    "visible": true
  },
  {
    "id": "x063",
    "name": "SHORTS UNIFORME DE LOCAL ALEMANIA 22",
    "price": 1099,
    "detail": "Parte del uniforme de local de la Selección de Alemania, inspirado en el ADN. Hechos con tejido suave con tecnología de absorción AEROREADY, estos shorts de fútbol adidas te mantienen cómodo sin importar si estás corriendo por la cancha o siguiendo a tus héroes. El escudo del equipo tejido tiene la última palabra y las cuatro estrellas que tanto han costado conseguir.",
    "size": "L",
    "image": "https://res.cloudinary.com/ddl3snuoe/image/upload/v1665529527/Shorts_Uniforme_de_Local_Alemania_22_Negro_HJ9605_21_model_bzu6zh.jpg",
    "stock": 20,
    "rating": 4,
    "visible": true
  },
  {
    "id": "x064",
    "name": "SHORTS UNIFORME DE LOCAL ALEMANIA 22",
    "price": 1099,
    "detail": "Parte del uniforme de local de la Selección de Alemania, inspirado en el ADN. Hechos con tejido suave con tecnología de absorción AEROREADY, estos shorts de fútbol adidas te mantienen cómodo sin importar si estás corriendo por la cancha o siguiendo a tus héroes. El escudo del equipo tejido tiene la última palabra y las cuatro estrellas que tanto han costado conseguir.",
    "size": "XL",
    "image": "https://res.cloudinary.com/ddl3snuoe/image/upload/v1665529527/Shorts_Uniforme_de_Local_Alemania_22_Negro_HJ9605_21_model_bzu6zh.jpg",
    "stock": 20,
    "rating": 4,
    "visible": true
  },
  {
    "id": "x065",
    "name": "SHORTS UNIFORME DE LOCAL JAPÓN 22",
    "price": 1099,
    "detail": "Parte de un llamativo uniforme de local de Japón dominado por cuervos de origami. Estos shorts de fútbol adidas te envuelven con comodidad gracias a su tejido suave con tecnología de absorción AEROREADY. Lucen el escudo de la selección tejido para demostrar la fuerza de tu amor.",
    "size": "S",
    "image": "https://res.cloudinary.com/ddl3snuoe/image/upload/v1665529727/Shorts_Uniforme_de_Local_Japon_22_Blanco_HF1850_21_model_joqers.jpg",
    "stock": 15,
    "rating": 5,
    "visible": true
  },
  {
    "id": "x066",
    "name": "SHORTS UNIFORME DE LOCAL JAPÓN 22",
    "price": 1099,
    "detail": "Parte de un llamativo uniforme de local de Japón dominado por cuervos de origami. Estos shorts de fútbol adidas te envuelven con comodidad gracias a su tejido suave con tecnología de absorción AEROREADY. Lucen el escudo de la selección tejido para demostrar la fuerza de tu amor.",
    "size": "M",
    "image": "https://res.cloudinary.com/ddl3snuoe/image/upload/v1665529727/Shorts_Uniforme_de_Local_Japon_22_Blanco_HF1850_21_model_joqers.jpg",
    "stock": 15,
    "rating": 5,
    "visible": true
  },
  {
    "id": "x067",
    "name": "SHORTS UNIFORME DE LOCAL JAPÓN 22",
    "price": 1099,
    "detail": "Parte de un llamativo uniforme de local de Japón dominado por cuervos de origami. Estos shorts de fútbol adidas te envuelven con comodidad gracias a su tejido suave con tecnología de absorción AEROREADY. Lucen el escudo de la selección tejido para demostrar la fuerza de tu amor.",
    "size": "L",
    "image": "https://res.cloudinary.com/ddl3snuoe/image/upload/v1665529727/Shorts_Uniforme_de_Local_Japon_22_Blanco_HF1850_21_model_joqers.jpg",
    "stock": 15,
    "rating": 5,
    "visible": true
  },
  {
    "id": "x068",
    "name": "SHORTS UNIFORME DE LOCAL JAPÓN 22",
    "price": 1099,
    "detail": "Parte de un llamativo uniforme de local de Japón dominado por cuervos de origami. Estos shorts de fútbol adidas te envuelven con comodidad gracias a su tejido suave con tecnología de absorción AEROREADY. Lucen el escudo de la selección tejido para demostrar la fuerza de tu amor.",
    "size": "XL",
    "image": "https://res.cloudinary.com/ddl3snuoe/image/upload/v1665529727/Shorts_Uniforme_de_Local_Japon_22_Blanco_HF1850_21_model_joqers.jpg",
    "stock": 15,
    "rating": 5,
    "visible": true
  },
  {
    "id": "x069",
    "name": "SHORTS LOCAL SELECCIÓN NACIONAL DE MÉXICO",
    "price": 1099,
    "detail": "La tecnología AEROREADY ayuda a mantener tu cuerpo seco sin importar si estás preparándote para jugar o descansando en un día cálido. El escudo tejido en la pierna simboliza un nuevo comienzo.",
    "size": "S",
    "image": "https://res.cloudinary.com/ddl3snuoe/image/upload/v1665529898/Shorts_Local_Seleccion_Nacional_de_Mexico_Blanco_HD9315_21_model_bzxhw4.jpg",
    "stock": 20,
    "rating": 5,
    "visible": true
  },
  {
    "id": "x070",
    "name": "SHORTS LOCAL SELECCIÓN NACIONAL DE MÉXICO",
    "price": 1099,
    "detail": "La tecnología AEROREADY ayuda a mantener tu cuerpo seco sin importar si estás preparándote para jugar o descansando en un día cálido. El escudo tejido en la pierna simboliza un nuevo comienzo.",
    "size": "M",
    "image": "https://res.cloudinary.com/ddl3snuoe/image/upload/v1665529898/Shorts_Local_Seleccion_Nacional_de_Mexico_Blanco_HD9315_21_model_bzxhw4.jpg",
    "stock": 20,
    "rating": 5,
    "visible": true
  },
  {
    "id": "x071",
    "name": "SHORTS LOCAL SELECCIÓN NACIONAL DE MÉXICO",
    "price": 1099,
    "detail": "La tecnología AEROREADY ayuda a mantener tu cuerpo seco sin importar si estás preparándote para jugar o descansando en un día cálido. El escudo tejido en la pierna simboliza un nuevo comienzo.",
    "size": "L",
    "image": "https://res.cloudinary.com/ddl3snuoe/image/upload/v1665529898/Shorts_Local_Seleccion_Nacional_de_Mexico_Blanco_HD9315_21_model_bzxhw4.jpg",
    "stock": 20,
    "rating": 5,
    "visible": true
  },
  {
    "id": "x072",
    "name": "SHORTS LOCAL SELECCIÓN NACIONAL DE MÉXICO",
    "price": 1099,
    "detail": "La tecnología AEROREADY ayuda a mantener tu cuerpo seco sin importar si estás preparándote para jugar o descansando en un día cálido. El escudo tejido en la pierna simboliza un nuevo comienzo.",
    "size": "XL",
    "image": "https://res.cloudinary.com/ddl3snuoe/image/upload/v1665529898/Shorts_Local_Seleccion_Nacional_de_Mexico_Blanco_HD9315_21_model_bzxhw4.jpg",
    "stock": 20,
    "rating": 5,
    "visible": true
  }
]
